,subject,body,answer,type,queue,priority,language,version,tag_1,tag_2,tag_3,tag_4,tag_5,tag_6,tag_7,tag_8
958,Digitale Kampagnen erzielten unterdurchschnittliche Ergebnisse aufgrund von Fehlern,"Die digitalen Kampagnen der Agentur schnitten unter dem Durchschnitt ab, möglicherweise bedingt durch Fehler in der Zielgruppenausrichtung. Versuche, die Zielgruppensegmente anzupassen, führten zu Verbesserungen. Wir bitten um Unterstützung bei der Ursachenanalyse und der Entwicklung einer Lösung für das Problem.","Überprüfen Sie die digitalen Kampagnen und identifizieren Sie die Ursachen für die Unterperformance. Bitte stellen Sie weitere Details zu den vorgenommenen Anpassungen bei den Zielgruppensegmenten bereit. Kontaktieren Sie <tel_num>, um den Sachverhalt zu besprechen und einen Anruf zu vereinbaren, um das Problem <acc_num> zu beheben.",Problem,Product Support,low,de,52,"Performance,Bug,Disruption,Security",,,,,,,
1784,Significant Underperformance in Today's Digital Campaign Managed by Marketing Agency,"The marketing agency's digital advertising effort did not meet expectations, likely due to improper targeting. Initial modifications and A/B testing of ads were carried out without yielding positive results. An analysis is required to determine the underlying cause of the problem and to formulate an updated approach to enhance the campaign's effectiveness.",We received an email concerning the underperformance of the marketing agency's digital campaign. We would like to arrange a discussion to identify the root cause and develop an improved strategy. Please schedule a call at your earliest convenience to explore potential solutions and next steps.,Problem,Technical Support,low,en,52,"Performance,Disruption,Outage,Monitoring,Analysis",,,,,,,
2166,Heute ist die Investmentplattform abgestürzt,"Sehr geehrter Kundendienst, ich möchte ein Problem mit der Investment-Analyseplattform unseres Unternehmens melden. Die Plattform hat die Datenverarbeitung abgebrochen, vermutlich aufgrund einer Serverüberlastung. Ich habe versucht, das Problem durch einen Neustart der Dienste und das Leeren des Caches zu beheben, jedoch waren diese Maßnahmen erfolglos. Der Absturz trat beim Verarbeiten eines großen Datensatzes auf, weshalb ich vermute, dass der Server möglicherweise überfordert war. Ich hoffe, dass Sie die Angelegenheit schnell bearbeiten und eine Lösung bereitstellen können. Bitte informieren Sie mich über die nächsten Schritte zur Fehlerbehebung.","<name>, vielen Dank, dass Sie das Problem unserer Investment-Analysetplattform gemeldet haben. Wir entschuldigen uns für die Unannehmlichkeiten, die durch den Absturz entstanden sind. Um Ihnen weiterhelfen zu können, bitten wir Sie, uns weitere Details zu dem verarbeiteten Datensatz sowie die genaue Fehlermeldung, die angezeigt wurde, mitzuteilen. Falls nötig, können wir auch einen Anruf unter <tel_num> vereinbaren, um die Angelegenheit zu besprechen. Bitte teilen Sie uns einen passenden Zeitpunkt für den Anruf mit. Wir werden die Angelegenheit umgehend untersuchen und eine schnelle Lösung bereitstellen. Der Fortschritt für das Konto <acc_num> wurde aktualisiert.",Incident,Technical Support,high,de,52,"Crash,Performance,Outage,Disruption,Recovery,Server,DataProcessing",,,,,,,
2331,Significant Underperformance of Digital Campaigns Today,"The digital campaigns managed by the marketing agency are experiencing substantial underperformance, potentially due to integration complications among multiple software tools. Initial troubleshooting steps, including system reboots and software updates across platforms such as Zoho CRM and RapidMiner, have not resolved the issue. Despite these efforts, the campaigns continue to underperform, leading to missed revenue targets and financial losses. An investigation is required to determine the underlying cause and implement an effective solution. Your assistance in examining this matter would be appreciated.",We received your email regarding the underperformance of digital campaigns and understand the urgency. Please analyze the issue thoroughly and provide detailed information about the specific integration problems and which targets were missed. Kindly include your analysis and suggested solutions so we can resolve this matter promptly.,Incident,Technical Support,high,en,52,"Performance,Disruption,IT,Tech Support",,,,,,,
2410,Digitale Kampagnen erzielen plattformübergreifend schlechte Ergebnisse,"Die digitalen Kampagnen unserer Marketingagentur erzielen schlechte Resultate auf verschiedenen Plattformen. Wir haben versucht, das Problem zu beheben und Unterstützung zu suchen, doch das Problem besteht weiterhin.","Die digitalen Kampagnen überprüfen, Telefonnummer <tel_num> anrufen, um mögliche Lösungen zu besprechen, und die nächsten Schritte mit der Kontonummer <acc_num> klären.",Problem,Product Support,high,de,52,"Performance,Disruption,Support",,,,,,,
3146,Digitale Marketingkampagne der Agentur zeigt heute deutliche Leistungsabfälle,"Die digitale Kampagne der Marketingagentur weist heute signifikante Unterperformance auf, möglicherweise bedingt durch eine falsche Ansprache der Zielgruppe. Erste Anpassungen der Anzeigen im Rahmen von A/B-Tests wurden erfolgreich umgesetzt. Eine weitere Analyse ist notwendig, um die Ursachen des Problems zu identifizieren, die Strategie zu überarbeiten und Verbesserungen in der Kampagnenleistung zu entwickeln.","Ich habe eine E-Mail bezüglich der schlechten Performance der digitalen Kampagne der Marketingagentur erhalten. Ich möchte die Ursachen besprechen und eine überarbeitete Strategie entwickeln. Können wir einen Anruf vereinbaren, wann es Ihnen passt, um mögliche Lösungen und die nächsten Schritte zu besprechen?",Problem,Technical Support,low,de,52,"Performance,Outage,Disruption,Recovery,Marketing,Agentur,Analyse",,,,,,,
3537,Recent Unauthorized Access Attempts Detected on Medical Data,"There have been recent attempts to gain unauthorized access to medical data, likely due to outdated firewall configurations. An initial audit and subsequent patching of the firewall rules have fully addressed the issue. We request your assistance in investigating and resolving this matter to maintain the security of medical data. Kindly advise on the next steps to ensure ongoing protection.","We received an email concerning unauthorized access attempts on medical data. To assist further, we would like to schedule a call to discuss the details of the issue. Please let us know a convenient time at <tel_num>. In preparation for the call, could you provide information about the initial audit and the updates made to the firewall rules? Your guidance on the next steps is appreciated to ensure the security of the medical data.",Incident,Technical Support,medium,en,52,"Security,IT,Tech Support",,,,,,,
4758,Digitale Kampagnen schneiden plattformübergreifend schlecht ab,"Sehr geehrter Kundenservice, ich wende mich bezüglich der schlechten Performance unserer digitalen Kampagnen, die von unserer Marketingagentur auf mehreren Plattformen wie Discord, Spotify, Shopware und anderen durchgeführt werden. Trotz unserer intensiven Bemühungen konnten wir die gewünschten Ergebnisse nicht erreichen, wobei wir vermuten, dass Integrationsprobleme die Ursache sein könnten. Wir haben versucht, die APIs zurückzusetzen und die Zielparameter zu überarbeiten, doch diese Maßnahmen führten leider nicht zu nennenswerten Verbesserungen. Wir würden Ihre Unterstützung bei der Fehlerbehebung schätzen und wären dankbar für Anleitungen, um die Kampagnen zu optimieren und bessere Ergebnisse zu erzielen.","<name>, ich helfe Ihnen gern bei der Fehlerbehebung Ihrer digitalen Kampagnen. Ich würde gerne einen Anruf vereinbaren, um die API-Integrationen und Zielstrategien im Detail zu besprechen. Bitte teilen Sie mir einen passenden Zeitpunkt mit, unter <tel_num>, um Sie anzurufen. Wir werden die Kampagnen auf Discord, Spotify und Shopware überprüfen und Empfehlungen zur Leistungssteigerung geben, damit Ihre Marketingziele erreicht werden. Ich freue mich auf unser Gespräch und darauf, das Problem mit den Kampagnen auf <acc_num> zu lösen.",Problem,Technical Support,high,de,52,"Performance,Disruption,Outage,Support,Integration",,,,,,,
5355,Fortschrittliche Datenanalyse,"Bitte nutzen Sie detaillierte Informationen zu fortschrittlichen Datenanalysetools, um die Optimierung von Investitionsstrategien in Finanzunternehmen zu verbessern. Können Sie uns aktuelle Trends und Techniken in der Datenanalyse mitteilen, die bei der Verbesserung von Investitionsentscheidungen hilfreich sein könnten? Empfehlungen für geeignete Tools, Software und Ressourcen, die diesen Prozess unterstützen, wären ebenfalls willkommen. Darüber hinaus bin ich an den potenziellen Vorteilen sowie den Herausforderungen bei der Implementierung fortschrittlicher Datenanalytik in Finanzunternehmen interessiert. Bitte stellen Sie relevante Fallstudien bereit, um die Wirksamkeit der genannten Tools zu demonstrieren. Ich freue mich auf Ihre Rückmeldung und weitere Informationen.","<name>, vielen Dank für Ihre Anfrage bezüglich fortschrittlicher Datenanalyse zur Optimierung von Investitionsstrategien in Finanzunternehmen. Wir können Informationen zu den neuesten Trends und Techniken in der Datenanalyse bereitstellen, die die Entscheidungsfindung bei Investitionen verbessern können. Wir empfehlen die Nutzung von Tools wie Datenvisualisierungssoftware sowie Machine-Learning-Algorithmen. Die Implementierung fortschrittlicher Datenanalytik kann Vorteile wie verbessertes Risikomanagement und Portfoliosteuerung bringen, allerdings bestehen auch Herausforderungen hinsichtlich Datenqualität und Integrationsproblemen. Gerne stellen wir Fallstudien vor, um die Wirksamkeit dieser Tools zu demonstrieren. Wäre ein Gespräch zu einem passenden Zeitpunkt möglich? Bitte lassen Sie uns wissen.",Request,Technical Support,high,de,52,"Performance,Security,Feature,Documentation",,,,,,,
5698,Hospital System Security Practices,"Customer Support is inquiring about methods to secure hospital systems using Screen Recorder Firebase integration. A hospital administrator, concerned about the security of patient data, wishes to ensure that the systems are protected against potential threats. Could you provide guidance on implementing Screen Recorder Firebase integration in a manner that prioritizes security and complies with HIPAA regulations? We would appreciate any recommendations or resources related to this topic. Additionally, the administrator would like to know specific practices and protocols to enhance security.","<name>, we understand your concerns regarding the security of patient data. To ensure compliance with HIPAA regulations, we recommend implementing encryption and secure authentication protocols when using Screen Recorder Firebase integration. We would be happy to discuss this further and can schedule a call at <tel_num> to review detailed security practices. Additionally, we can provide resources and recommendations to help secure hospital systems. Please let us know a convenient time for you.",Request,IT Support,high,en,52,"Security,IT,Tech Support,Data Privacy,Regulation,Patient Data,Threat Prevention",,,,,,,
5885,Zugang zu medizinischen Daten,"Sehr geehrter Kundenservice, ich möchte Sie darüber informieren, dass es möglicherweise zu einer Sicherheitsverletzung in unserer Gesundheitseinrichtung gekommen ist. Unsere medizinischen Daten sind Ziel unbefugter Zugriffsversuche geworden, was auf Schwachstellen im Netzwerk hindeutet. Sofort wurden Maßnahmen eingeleitet, einschließlich der Aktualisierung der Firewall, Überprüfung der Zugriffsprotokolle und Identifizierung potenzieller Sicherheitsrisiken. Unser Team arbeitet intensiv daran, die Sicherheit der sensiblen Informationen unserer Patienten zu gewährleisten. Wir schätzen Ihre Unterstützung und Anleitung, um das Problem zu beheben und zukünftige Vorfälle zu verhindern. Bitte informieren Sie uns, falls zusätzliche Maßnahmen erforderlich sind.","Sehr geehrter <name>, wir nehmen die Sicherheit der medizinischen Daten sehr ernst und schätzen Ihre schnelle Reaktion auf den möglichen Verstoß. Wir empfehlen eine gründliche Überprüfung des Netzwerks sowie der Zugriffskontrollen, um zukünftige Vorfälle zu vermeiden. Unser Team steht bereit, um Anleitung und Unterstützung zu bieten. Für weitere Details können Sie uns gerne unter <tel_num> kontaktieren. Lassen Sie uns gemeinsam die besten Schritte zur Sicherung der sensiblen Informationen unserer Patienten festlegen.",Problem,Technical Support,medium,de,52,Security,Network,"Disruption,IT",Tech Support,,,,
7289,Cybersecurity System Intrusion,"Customer Support, <br><br>I am writing to inform you that the hospital's cybersecurity infrastructure has been compromised, putting patient information at risk. Preliminary investigations indicate that the breach was probably caused by outdated security patches that were not updated promptly. <br><br>Our team has taken immediate measures to contain the situation, including attempting to reconnect compromised devices and resetting passwords. Nevertheless, we are concerned about the possible repercussions of this breach and are seeking assistance to conduct a comprehensive investigation. Your support in this matter would be appreciated.","We take cybersecurity breaches at hospitals very seriously and are ready to assist. To proceed with further investigation, please provide the incident report and details of the affected systems. We can arrange a call with our security team to discuss the next steps and offer guidance on preventing future incidents at your earliest convenience.",Incident,Technical Support,high,en,52,"Security,Outage,Disruption,Recovery,IT,Tech Support",,,,,,,
7474,Informationen zur Datenanalyse,"Ich würde gerne mehr über Datenanalysewerkzeuge, Optimierung und Investitionen erfahren, um bessere Entscheidungen treffen zu können. Können Sie mir dabei helfen?","Sobald wir können, werden wir Sie kontaktieren.",Request,Billing and Payments,low,de,52,"Performance,Feature,Documentation,Feedback",,,,,,,
