index,subject,body,answer,type,queue,priority,language,version,tag_1,tag_2,tag_3,tag_4,tag_5,tag_6,tag_7,tag_8
2166,Heute ist die Investmentplattform abgestürzt,"Sehr geehrter Kundendienst, ich möchte ein Problem mit der Investment-Analyseplattform unseres Unternehmens melden. Die Plattform hat die Datenverarbeitung abgebrochen, vermutlich aufgrund einer Serverüberlastung. Ich habe versucht, das Problem durch einen Neustart der Dienste und das Leeren des Caches zu beheben, jedoch waren diese Maßnahmen erfolglos. Der Absturz trat beim Verarbeiten eines großen Datensatzes auf, weshalb ich vermute, dass der Server möglicherweise überfordert war. Ich hoffe, dass Sie die Angelegenheit schnell bearbeiten und eine Lösung bereitstellen können. Bitte informieren Sie mich über die nächsten Schritte zur Fehlerbehebung.","<name>, vielen Dank, dass Sie das Problem unserer Investment-Analysetplattform gemeldet haben. Wir entschuldigen uns für die Unannehmlichkeiten, die durch den Absturz entstanden sind. Um Ihnen weiterhelfen zu können, bitten wir Sie, uns weitere Details zu dem verarbeiteten Datensatz sowie die genaue Fehlermeldung, die angezeigt wurde, mitzuteilen. Falls nötig, können wir auch einen Anruf unter <tel_num> vereinbaren, um die Angelegenheit zu besprechen. Bitte teilen Sie uns einen passenden Zeitpunkt für den Anruf mit. Wir werden die Angelegenheit umgehend untersuchen und eine schnelle Lösung bereitstellen. Der Fortschritt für das Konto <acc_num> wurde aktualisiert.",Incident,Technical Support,high,de,52,Crash,Performance,Outage,Disruption,Recovery,Server,DataProcessing,
3621,Support Required for ActiveCampaign,Offer strategies for engaging the audience.,"Provide strategies for engaging the audience with ActiveCampaign. To better assist you, please provide information on your current campaign goals. We are happy to discuss at a convenient time; you can call me at <tel_num> to discuss.",Request,Service Outages and Maintenance,high,en,52,Support,ActiveCampaign,Strategy,Audience,,,,
3710,Assistance with Securing Medical Data,"Customer Support, I am requesting assistance in implementing enhanced security measures to better protect the medical data within our hospital infrastructure. Due to the increasing threat of cyberattacks, it is crucial to take proactive measures to safeguard sensitive patient information and prevent potential breaches. I would appreciate guidance on best practices for securing medical data, along with recommendations for robust security solutions that can be integrated with our existing systems. Additionally, I am interested in learning about the latest security developments.","<name>, thank you for contacting the Service Desk regarding support for medical data security. We take the protection of sensitive patient information very seriously and would be happy to guide you through recommended practices and robust security solutions. To discuss your specific needs and explore available options, we would like to schedule a consultation with one of our security experts. Please let us know a convenient time for a call at <tel_num> to arrange the meeting. Additionally, please have your <acc_num> ready.",Change,Billing and Payments,medium,en,52,Security,IT,DataProtection,Cybersecurity,HospitalInfrastructure,SensitiveData,ThreatPrevention,
3856,Protecting Medical Data within KNIME Integration,"Customer support has reached out with a request for information on safeguarding medical data through KNIME hospital integration procedures. They seek guidance on maintaining confidentiality, integrity, and availability of sensitive medical information. They would value recommendations on implementing comprehensive security protocols, such as encryption, access management, and auditing mechanisms. Furthermore, they are interested in understanding how to integrate KNIME with hospital systems, including electronic health records (EHR) and laboratory information systems (LIS). Please assist.","<name> thanks you for your inquiry regarding the protection of medical data in KNIME hospital integrations. To ensure the confidentiality, integrity, and availability of sensitive medical information, we recommend adopting strong security measures such as encryption, access restrictions, and auditing. Our team can provide detailed guidance on integrating KNIME with hospital systems, including EHR and LIS platforms. We are also available to schedule a call at <tel_num> to discuss your specific requirements further.",Request,Sales and Pre-Sales,medium,en,52,Security,DataProtection,Confidentiality,Integration,Encryption,Compliance,MedicalData,
3978,Digitale Tools reagieren verzögert auf Updates,"Digitale Werkzeuge im Marketing-Team, darunter Moodle, GitHub und PowerPoint 2021, zeigen verstärkte Reaktionszeiten auf Updates. Das Problem wird wahrscheinlich durch Netzwerk- oder Softwareprobleme verursacht. Nach einem Neustart der Geräte und Überprüfung der Internetverbindung besteht das Problem weiterhin. Das Team arbeitet an einer Lösung, konnte jedoch bislang keine endgültige Behebung erzielen. Die verzögerte Reaktionsfähigkeit der Tools führt zu erheblichen Projektverzögerungen. Wir hoffen auf eine schnelle Lösung und bitten um Unterstützung. Bitte informieren Sie uns, falls weitere Schritte zur Fehlerbehebung erforderlich sind.","Untersuchen Sie das Problem mit den digitalen Werkzeugen unter <tel_num>. Kontaktieren Sie uns, um weitere Schritte zur Fehlerbehebung zu besprechen und einen Termin für einen Anruf zu vereinbaren, um das Problem so schnell wie möglich zu beheben.",Incident,IT Support,high,de,52,Performance,Network,Bug,SoftwareProblem,Disruption,,,
3996,Financial Organization Encounters Postponed Data Handling Problems,The postponement in data processing affects the updates of the investment analytics application.,We apologize for the delay in data processing affecting the software update. We have escalated the issue to our technical team for investigation and swift resolution. Please contact <tel_num> for further assistance.,Incident,Product Support,low,en,52,Performance,Disruption,Recovery,DataProcessing,,,,
4925,Ausfall digitaler Werkzeuge,"Sehr geehrter Kundenservice, ich möchte einen kritischen Fehler melden, der die Abläufe unserer Marketingagentur erheblich beeinträchtigt. Es betrifft essenzielle digitale Tools, darunter Snagit, Firewall, Xero und weitere, die momentan nicht erreichbar sind. Ich vermute, dass Netzwerk-Softwarekonflikte die Ursache sein könnten. Erste Versuche der Fehlerbehebung umfassten das Neustarten der Geräte sowie die Überprüfung der Firewall-Einstellungen, doch das Problem besteht weiterhin. Dies beeinträchtigt unsere Aktivitäten zur Markenentwicklung erheblich. Die Lage erschwert es, Aufgaben effizient abzuschließen, und unsere Produktivität hat deutlich abgenommen. Ich würde eine schnelle Lösung des Problems sehr schätzen.","Sehr geehrter <name>, es tut mir leid zu hören, dass die digitalen Werkzeuge nicht mehr funktionieren und die Abläufe Ihrer Agentur beeinträchtigen. Ich möchte bei der schnellen Behebung des Problems helfen. Um die Fehlersuche zu vertiefen, könnten Sie uns bitte weitere Details zu Ihrer Netzwerkkonfiguration sowie genaue Fehlermeldungen mitteilen? Falls erforderlich, können wir auch einen Anruf vereinbaren, um die Angelegenheit persönlich zu besprechen. Bitte teilen Sie uns eine passende Zeit mit, unter der wir Sie unter <tel_num> erreichen können. Wir werden unser Bestes tun, um eine Lösung zu finden und die nächsten Schritte zur Wiederherstellung der Werkzeuge vorzuschlagen.",Incident,IT Support,high,de,52,Outage,Disruption,Network,Security,SoftwareConflict,,,
5593,Importance of Protecting Medical Data,"Customer Support, I am reaching out to inquire about the security measures implemented in hospital solution software integrations to safeguard sensitive medical information. Could you please provide details about the protocols in place to protect patient data? I would appreciate information regarding data encryption, access management, and adherence to applicable regulations. Additionally, what extra security features do your services and solutions include to ensure the confidentiality, integrity, and availability of medical data? I look forward to your response.","We prioritize the protection of medical data through encryption, access controls, and compliance with relevant regulations. Further details can be provided upon request during a scheduled call at your convenience.",Request,Returns and Exchanges,low,en,52,Security,DataProtection,Healthcare,Encryption,AccessManagement,,,
5687,DataRobot Docker Integration Support,I require guidance on integrating DataRobot with Docker to enhance investment analysis processes. Could you provide a step-by-step manual for this integration?,"Dear <name>,\n\nThank you for your interest in integrating DataRobot with Docker to optimize investment analyses. To assist you, we can offer a general overview of the integration process. For a more detailed, step-by-step manual, we recommend consulting the official documentation, support resources, tutorials, and FAQs related to Docker integration.\n\nIf you need personalized assistance, please let us know. We can arrange a suitable time for a discussion to review your specific requirements and provide tailored instructions. Alternatively, you may contact us at <tel_num> or reply via email for further details.",Request,Customer Service,medium,de,52,Product,Documentation,Support,Integration,DataRobot,,,
5803,Supportanfrage zu mehreren Produkten,"Sehr geehrter Kundenservice, ich möchte einen Vorfall melden, der mehrere Produkte betrifft, darunter eine Gaming-Maus, QuickBooks Online und MATLAB R2021a. Das Problem führt zu Systemverlangsamungen, möglicherweise verursacht durch kürzliche Konflikte bei SaaS-Updates. Ich habe versucht, das Problem durch einen Neustart, das Beenden von Diensten und das Leeren des Caches zu beheben, was zunächst erfolgreich war. Zudem habe ich frühere Versionen wiederhergestellt, was ebenfalls geholfen hat. Ich würde es sehr schätzen, wenn Sie die Angelegenheit zügig annehmen und eine Lösung anbieten könnten. Vielen Dank.","Sehr geehrter <Name>, vielen Dank, dass Sie sich an unser Support-Team gewandt haben bezüglich des Problems, das mehrere Produkte betrifft, darunter eine Gaming-Maus, QuickBooks Online und MATLAB R2021a. Es tut uns leid zu hören, dass Sie Systemverlangsamungen erleben, und wir freuen uns, dass Ihre Troubleshooting-Versuche das Problem vorerst gelöst haben. Wir möchten die Angelegenheit gerne weiter untersuchen, um eine schnelle Lösung zu finden. Um bei der Behebung zu helfen, könnten Sie uns bitte weitere Informationen zu den kürzlichen SaaS-Update-Konflikten mitteilen, die möglicherweise das Problem verursachen? Zusätzlich wäre es hilfreich, wenn Sie uns die genauen Details zu den durchgeführten Wiederherstellungen mitteilen könnten.",Incident,Product Support,high,de,52,Bug,Performance,Hardware,Support,Update,Restart,Cache,SystemSlowdown
6761,Bericht über Systemabsturz,"Die Investment-Datenanalyseplattform hat wiederholt Systemabstürze bei der Verarbeitung erlebt. Mögliche Ursache könnten Hardware-Software-Integrationsprobleme sein. Es wurden Neustarts, Software-Updates und Hardware-Checks versucht, die bisher erfolgreich waren. Die Systemabstürze führten zu erheblichen Verzögerungen und Datenverlusten. Wir bitten dringend um Unterstützung bei der Lösung des Problems, um weitere Störungen zu vermeiden. Bitte stellen Sie einen detaillierten Aktionsplan bereit, um das Problem zu beheben und zukünftige Vorfälle zu verhindern. Wir schätzen eine schnelle Rückmeldung und Aufmerksamkeit für dieses Anliegen.","Wir haben Ihre E-Mail bezüglich des Systemabsturzes der Investment-Datenanalyseplattform erhalten. Wir verstehen die Dringlichkeit und werden die Angelegenheit entsprechend priorisieren. Um zu helfen, möchten wir ein Gespräch vereinbaren, um die Details des Problems zu besprechen und einen Aktionsplan zu erstellen. Wann wäre der frühestmögliche Zeitpunkt, der Ihnen passt? Wir werden einen detaillierten Plan zur Behebung des Problems und zur Vermeidung zukünftiger Vorfälle bereitstellen.",Incident,Technical Support,low,de,52,Crash,Hardware,Software,Integration,Performance,DataLoss,Support,
6768,Schutz sensibler medizinischer Daten,"Sehr geehrter Kundenservice, ich wende mich an Sie, um Ratschläge zur Absicherung der IT-Systeme in einem Krankenhaus hinsichtlich medizinischer Daten zu erhalten, insbesondere im Zusammenhang mit Avast Premium Security. Könnten Sie Informationen über bewährte Praktiken und Funktionen bereitstellen, die Avast zum Schutz sensibler medizinischer Informationen anbietet? Ich würde es schätzen, wenn Sie Empfehlungen und Tipps geben könnten, um die Sicherheit der IT-Systeme im Krankenhaus zu gewährleisten.","Sehr geehrter <name>, wir schätzen Ihr Anliegen bezüglich des Schutzes der medizinischen Daten im Krankenhaus mit Avast Premium Security. Gerne stellen wir Ihnen bewährte Praktiken und Funktionen vor, um sensible medizinische Informationen zu schützen. Bitte gestatten Sie uns, <tel_num> anzurufen, um weitere Empfehlungen und Tipps zu besprechen und die Sicherheit der IT-Systeme im Krankenhaus zu gewährleisten.",Request,IT Support,low,de,52,Security,IT,Privacy,DataProtection,MedicalData,,,
6781,Hospital System Security Measures and Best Practices,"Customer Support is inquiring about best practices for securing hospital systems through the integration of Screen Recorder with Firebase. The hospital administrator, concerned about safeguarding patient data, wants to ensure that the systems are protected against potential threats. Could you offer guidance on implementing the Screen Recorder Firebase integration in a manner that emphasizes security and complies with HIPAA regulations? Any recommended resources on this topic would be appreciated. Additionally, I would like to know specific measures or protocols to enhance security.","<name>, I understand your concerns regarding the protection of patient data. To ensure HIPAA compliance, I recommend implementing encryption and secure authentication protocols when integrating Screen Recorder with Firebase. I would be happy to discuss detailed security practices and can arrange a call at <tel_num>. Please let us know a convenient time. Additionally, I will provide resources and recommendations to help secure your hospital systems.",Request,IT Support,high,en,52,Security,IT,Compliance,DataProtection,HospitalSystem,HIPAA,,
7292,Schutz sensibler medizinischer Informationen auf intelligenten Geräten,"Könnten Sie eine Anleitung zur Sicherung medizinischer Daten auf Smart-Geräten bereitstellen, die in die Krankenhaus-IT-Systeme integriert sind? Ich benötige Unterstützung bei der Umsetzung von Sicherheitsprotokollen.",Eine telefonische Anleitung zur Sicherung medizinischer Daten auf Smart-Geräten bei der Integration in Krankenhaus-IT-Systeme bietet bequemen Support.,Request,IT Support,medium,de,52,Security,IT,Hardware,Protocol,DataProtection,,,
7399,Problem with Integrated Product Connectivity,"Several products faced sporadic connectivity disruptions impacting project management activities. These issues might be linked to recent software updates causing network configuration conflicts. Troubleshooting efforts included device restarts and configuration checks, but the problem persists. We seek assistance to resolve these connectivity problems.","<name>, we acknowledge the issue with integrated product connectivity you're experiencing. We are eager to assist in resolving this matter. To better understand the situation, could you please provide details of recent software updates and any network configuration changes made? Additionally, it would be helpful to know the specific error messages encountered. We would also like to schedule a call to discuss troubleshooting steps; please let us know a convenient time for you.",Incident,Sales and Pre-Sales,medium,en,52,Network,Disruption,Troubleshooting,SoftwareUpdate,,,,
7508,Healthcare Provider Reports Concerns About Unsecured Medical Data,"Attempted to address the problem by patching systems and updating access controls, but the vulnerabilities remain unresolved.","We received your email concerning issues with unsecured medical data. To better assist you, please provide details about the vulnerabilities and the steps you've already taken. We would like to arrange a call to discuss this further. Kindly let us know your earliest availability to receive a call at <tel_num>.",Problem,Billing and Payments,medium,en,52,Security,IT,Vulnerability,DataProtection,SystemAccess,,,
7561,Security Incident in Healthcare Provider Systems,The malware threat continues despite restart efforts.,"<name>, we appreciate your report regarding the security incident involving healthcare provider systems. We apologize for any inconvenience caused by the persistent malware threat and the ongoing restart attempts. To assist you effectively, we need to collect additional details about the issue. Kindly provide the specific error messages you are encountering and describe the steps you have taken so far to resolve the problem. If necessary, we may need to arrange a call to troubleshoot the issue further. Please let us know your earliest availability for a call.",Incident,Technical Support,medium,en,52,Security,Malware,HealthIT,Threat,Incident,,,
7732,Patienten-Sicherheit,"Lieber Kundenservice, könnten Sie detaillierte Sicherheitsprotokolle zur Schutz von Patientendaten in unserer Krankenhaus-IT-Lösung bereitstellen? Es ist essentiell, dass die Vertraulichkeit und Integrität sensibler medizinischer Informationen gewährleistet werden. Eine umfassende Darstellung unserer Sicherheitsmaßnahmen wäre sehr geschätzt. Vielen Dank für Ihre Unterstützung.","Wir bieten umfassende Sicherheitsprotokolle, die Patientendaten schützen, einschließlich Verschlüsselung, sicheren Speicherung und Zugangssteuerungen. Eine detaillierte Darstellung unserer Sicherheitsmaßnahmen steht Ihnen zur Verfügung, um die Vertraulichkeit und Integrität sensibler medizinischer Informationen zu gewährleisten.",Request,Customer Service,medium,de,52,Security,Patient,Privacy,DataProtection,Healthcare,Confidentiality,Safety,MedicalInformation
7919,Security Weaknesses in Medical Data Protection,"Customer Support team, I am highlighting concerns regarding vulnerabilities in the security of medical data within hospital systems. The healthcare provider has encountered problems that may stem from insufficient encryption and outdated software. Initial measures taken to address the issue involved changing passwords and applying basic software updates, but these steps did not fully resolve the problem. I am worried about the potential risks posed by these vulnerabilities, including data breaches and unauthorized access to sensitive medical information. Your assistance would be greatly appreciated.",Please investigate the security vulnerabilities affecting medical data and provide a comprehensive solution to ensure the integrity and safety of the systems. Kindly share your contact details so we can discuss this matter further.,Problem,Returns and Exchanges,low,en,52,Security,IT,Vulnerability,DataProtection,Healthcare,Software,Encryption,
8779,Unapproved Data Access Incident,unapproved access attempt on medical records detected. Initial steps involved password resets and network examinations.,"currently investigating the incident. For further information, please contact <tel_num> for assistance.",Incident,Returns and Exchanges,low,en,52,Security,Network,Incident,DataProtection,,,,
9086,Untersuchung eines Datenlecks,"Sehr geehrter Kundenservice, ich möchte Sie darüber informieren, dass ein Gesundheitsdienstleister möglicherweise gegen datenschutzrechtliche Vorschriften verstoßen hat, was Patientendaten betrifft. Erste Ermittlungen deuten darauf hin, dass ein Phishing-Angriff auf eine Systemlücke die Ursache sein könnte. Sofort wurden Maßnahmen eingeleitet, erste Scans durchgeführt und Passwörter zurückgesetzt, um den möglichen Schaden zu begrenzen. Wir benötigen jedoch Ihre Unterstützung, um die Angelegenheit gründlich zu untersuchen, sicherzustellen, dass alle erforderlichen Maßnahmen getroffen werden, und um zukünftige Vorfälle zu verhindern. Bitte stellen Sie eine Anleitung oder Unterstützung bereit.","Vielen Dank für die schnelle Benachrichtigung über das potenzielle Datenleck. Das Sicherheitsteam wird die Angelegenheit weiter untersuchen und Sie bezüglich der nächsten Schritte beraten. Bitte senden Sie uns den Vorfallbericht sowie Details zu den bisher ergriffenen Maßnahmen. Kontaktieren Sie uns unter <tel_num>, um die nächsten Schritte zu besprechen und den besten Kurs zu bestimmen, um die Sicherheit der Patientendaten zu gewährleisten.",Incident,Technical Support,medium,de,52,Security,DataLeak,Investigation,SystemVulnerability,Privacy,PatientData,SecurityAudit,
9169,Improve Brand Expansion Approaches,I am interested in understanding digital methods to support brand growth. Could you please share specific techniques and tools that can be used? I would appreciate information on how to measure the effectiveness of these strategies.,I would be happy to discuss digital strategies with you. Please allow a convenient time for a call to elaborate further.,Request,Technical Support,high,en,52,Feedback,Strategy,Marketing,BrandExpansion,DigitalMarketing,,,
9325,Unauthorized Access to Patient Information,Patient data was accessed without proper authorization.,We sincerely apologize for this incident and take it very seriously. Kindly provide additional details regarding the unauthorized access to patient information. We will investigate the matter immediately and implement the necessary measures to ensure the security and confidentiality of patient data.,Problem,Technical Support,high,de,52,Security,Account,Privacy,DataProtection,,,,
9422,Anfrage zu Digitalmarketing-Strategien für Elektronikartikel,Könnten Sie Strategien für DSLR-Kameras und intelligente Thermostate bereitstellen?,"Sehr geehrter Kunde, danke für Ihre E-Mail bezüglich digitaler Marketingstrategien für Elektronikprodukte. Gerne unterstützen wir Sie bei Strategien für DSLR-Kameras und intelligente Thermostate. Für DSLR-Kameras empfehlen wir Social-Media-Kampagnen, Zusammenarbeit mit Fotografie-Influencern sowie die Betonung von Energieeffizienz und Smart-Home-Automatisierung bei intelligenten Thermostaten. Zudem können Suchmaschinenoptimierung und Pay-per-Click-Werbung die Online-Sichtbarkeit erhöhen und den Verkauf fördern. Für eine detaillierte Besprechung der Strategien stehen wir Ihnen gern telefonisch zur Verfügung. Bitte teilen Sie uns eine passende Zeit mit, oder rufen Sie uns unter <tel_num> an, um weitere Details zu klären.",Request,Customer Service,low,de,52,Marketing,Strategy,Electronics,DigitalMarketing,ProductPromotion,,,
9602,Hadoop Unterstützung,"Sehr geehrter Kundendienst, ich möchte mich erkundigen, ob die Integration von Apache Hadoop 3.2.1 in eine skalierbare SaaS-Lösung zur Verbesserung des Projektmanagements möglich ist. Derzeit bestehen Schwierigkeiten bei der Datenverarbeitung und Speicherung. Ich bin der Meinung, dass eine Optimierung und Integration die Gesamtleistung des Projektmanagementsystems verbessern könnte. Könnten Sie bitte Anleitungen bereitstellen, wie dies erreicht werden kann? Über Empfehlungen bewährter Verfahren würde ich mich ebenfalls freuen. Vielen Dank im Voraus für Ihre Unterstützung. Ich freue mich auf Ihre baldige Rückmeldung.","Sehr geehrter <name>, vielen Dank für Ihre Kontaktaufnahme. Gerne helfe ich bei der Optimierung der Apache Hadoop-Integration. Könnten Sie bitte weitere Details zu den bestehenden Problemen bei der Datenverarbeitung und Speicherung mitteilen? Ich werde Ihnen konkrete Anleitungen und Empfehlungen geben, um die Leistung Ihres Projektmanagementsystems zu verbessern.",Request,Customer Service,low,de,52,Performance,Software,Integration,Optimization,ProjectManagement,DataProcessing,,
9617,Probleme mit Datenverzögerungen,"Ein Finanzunternehmen hat Verzögerungen bei seinen Daten erlebt, was die Optimierung von Investitionen beeinträchtigt. Mögliche Ursache könnte eine Verzögerung bei der Analyseverarbeitung sein. Es wurde versucht, die Datenpipelines neu zu starten, jedoch besteht das Problem weiterhin.","Sehr geehrter <Name>, vielen Dank, dass Sie das Problem der Datenverzögerung gemeldet haben, das die Investitionsoptimierung betrifft. Ich verstehe, dass Sie bereits versucht haben, die Datenpipelines neu zu starten, das Problem jedoch weiterhin besteht. Wir werden die Verzögerung bei der Analyseverarbeitung untersuchen. Bitte stellen Sie uns weitere Informationen bereit, insbesondere Details zu den Verzögerungen, deren Dauer, Häufigkeit der Vorfälle. Falls möglich, geben Sie bitte den genauen Zeitraum an, wann das Problem begann, sowie etwaige Fehlermeldungen, die Sie erhalten haben. Wir können auch einen Gesprächstermin vereinbaren.",Incident,Product Support,low,de,52,Performance,Disruption,Recovery,DataPipeline,Analysis,,,
9717,Support Needed for RapidMiner Terraform Integration,"Sehr geehrter Kundenservice, ich möchte mich nach bewährten Methoden für die Integration des RapidMiner Terraform Investmentdaten-Analysetools erkundigen. Derzeit nutzen wir RapidMiner für Data Mining-Analysen und Terraform für Infrastrukturmanagement. Allerdings treten Schwierigkeiten bei der Verbindung der beiden Tools auf, insbesondere bei der Automatisierung von Workflows. Könnten Sie uns Hinweise geben, wie diese Herausforderungen gemeistert werden können? Wir schätzen eine Beratung und Empfehlungen sehr. Besonders interessiert uns, wie Terraform eingesetzt werden kann, um RapidMiner-Ressourcen effizient bereitzustellen und zu verwalten, sowie die Integration der RapidMiner-Tools in den Workflow.","<name>, wir danken für Ihre Anfrage zur RapidMiner Terraform-Integration. Um bestmöglich zu unterstützen, würden wir gern einen Anruf vereinbaren, um Ihre spezifischen Anforderungen und Herausforderungen zu besprechen. Bitte teilen Sie uns einen passenden Zeitpunkt mit, unter <tel_num> werden wir Sie kontaktieren. Wir werden Anleitungen bereitstellen, wie Terraform zur Verwaltung und Bereitstellung von RapidMiner-Ressourcen genutzt werden kann, sowie bewährte Praktiken für die Workflow-Integration. Zudem bieten wir Empfehlungen zur Überwindung gängiger Schwierigkeiten. Wir freuen uns auf das Gespräch und darauf, Ihnen detaillierte Unterstützung zu bieten.",Request,Technical Support,high,de,52,Tech Support,Integration,Workflow,Automation,Infrastructure,RapidMiner,,
9742,Requirement for Secure Medical Data Solutions,"Customer Support, I am reaching out to inquire about methods for securing medical data through hospital security systems. Could you provide guidance on best practices and protocols to maintain the confidentiality, integrity, and availability of sensitive medical information? I would appreciate any recommendations or resources you can offer to assist in protecting patient data. Please let me know if you require any additional information from my side. Thank you for your time and assistance. I look forward to your response.","<name> Thank you for your inquiry regarding the security of medical data. Our team can provide best practices and protocols to ensure the confidentiality, integrity, and availability of sensitive medical information. Please contact us at <tel_num> so we can discuss your specific needs and determine the appropriate solution.",Request,Technical Support,medium,en,52,Security,DataProtection,Confidentiality,Healthcare,Compliance,SystemSecurity,PatientPrivacy,
9782,Datenlatenzproblem,"Ein Finanzinstitut erlebte Verzögerungen bei der Datenübertragung, was die Optimierung der Investitionen beeinträchtigte. Mögliche Ursache: Verzögerungen in der Analyseverarbeitung. Es wurde versucht, die Datenpipelines neu zu starten, jedoch besteht das Problem weiterhin.","Sehr geehrter <name>, vielen Dank, dass Sie das Problem der Datenlatenz gemeldet haben, welches die Investitionsoptimierung betrifft. Ich verstehe, dass Sie bereits versucht haben, die Datenpipelines neu zu starten, doch das Problem besteht weiterhin. Wir werden die Verzögerung in der Analyseverarbeitung untersuchen. Bitte geben Sie uns weitere Details zur Verzögerung, wie die Dauer, die Häufigkeit der Vorfälle und, falls möglich, den genauen Zeitpunkt, wann das Problem begonnen hat, sowie etwaige Fehlermeldungen, die Sie erhalten haben. Es könnte erforderlich sein, einen Anruf zu vereinbaren.",Incident,Product Support,low,de,52,Performance,Network,Disruption,Investigation,DataPipeline,,,
9823,Verzögerungen bei Kampagnenberichterstattung und Analyse durch Marketingagentur,"Die Marketingagentur erlebt Verzögerungen bei der Berichterstattung und Analyse ihrer Kampagnen, möglicherweise bedingt durch kürzliche Plattform-Updates. Erste Fehlerbehebungsversuche, inklusive Cache-Cache-Leerung, blieben erfolglos. Das Problem führt zu erheblichen Verzögerungen bei der Verfolgung und Auswertung der Marketingkampagnenleistungen. Die Agentur ist stark auf Analysen angewiesen, um ihre Strategien zu informieren und datenbasierte Entscheidungen zu treffen. Wir bitten um Unterstützung bei der schnellen Lösung des Problems, um die Auswirkungen auf das Geschäft zu minimieren. Für eine eingehendere Untersuchung schätzen wir eine Anleitung zu weiteren Fehlerbehebungsschritten.","Um das Problem bei der Berichterstattung und den Kampagnenanalysen besser zu verstehen, könnten Sie bitte weitere Details zu den kürzlichen Plattform-Updates sowie die genauen Fehlermeldungen bereitstellen? Wir möchten einen Termin für einen Anruf so früh wie möglich vereinbaren, um die beste Vorgehensweise zu besprechen. Bitte teilen Sie uns eine passende Zeit mit, damit wir Sie unter <tel_num> anrufen können. Zwischenzeitlich bieten wir zusätzliche Schritte zur Fehlerbehebung an, wie etwa die Überprüfung von Konfigurationsänderungen oder Browser-Updates. Falls erforderlich, werden wir das Problem an das Technikteam weiterleiten, um eine eingehendere Lösung zu finden.",Problem,Technical Support,medium,de,52,Performance,Disruption,Maintenance,Analytics,Marketing,PlatformUpdate,,
